Server,Container,Pearson_Coefficient,P-Value
gl2,account-service,0.9999999999999999,0.0
gl2,billing-service,1.0,0.0
gl2,catalog-service,1.0,0.0
gl2,payment-service,1.0,0.0
gl2,order-service,1.0,0.0
gl2,gateway-server_replica_1,1.0,0.0
gl2,gateway-server_replica_2,0.9999999999999999,0.0
gl2,gateway-server_replica_3,1.0,0.0
gl2,mysqld,1.0,0.0
gl5,account-service,0.9999999999999997,3.975377280918e-295
gl5,billing-service,0.9999999999999999,0.0
gl5,catalog-service,1.0,0.0
gl5,payment-service,1.0,0.0
gl5,order-service,1.0,0.0
gl6,account-service,1.0,0.0
gl6,billing-service,1.0,0.0
gl6,catalog-service,1.0,0.0
gl6,payment-service,1.0,0.0
gl6,order-service,1.0,0.0
gl2,,0.9999999999999999,0.0
gl5,,0.991385289464306,4.7634173587329066e-36
gl6,,0.9981089099799806,7.283959562896904e-49
